{
  "project_info": {
    "project_number": "88668446498",
    "project_id": "capiwise-app",
    "storage_bucket": "capiwise-app.appspot.com"
  },
  "client": [
    {
      "client_info": {
        "mobilesdk_app_id": "1:88668446498:android:972249fe4cf6e7c88ccf7b",
        "android_client_info": {
          "package_name": "com.capiwise"
        }
      },
      "oauth_client": [
        {
          "client_id": "88668446498-1mgbr2b6t8kf9l1nrt12070m1vf4j5p1.apps.googleusercontent.com",
          "client_type": 1,
          "android_info": {
            "package_name": "com.capiwise",
            "certificate_hash": "5e8f16062ea3cd2c4a0d547876baa6f38cabf625"
          }
        },
        {
          "client_id": "88668446498-o1uu0qup7ur6juav4o3ttc38t2gm3nkp.apps.googleusercontent.com",
          "client_type": 3
        }
      ],
      "api_key": [
        {
          "current_key": "AIzaSyAYXtgW8T2rDr1sXsZ0Z-vxZS-9nU4a0B0"
        }
      ],
      "services": {
        "appinvite_service": {
          "other_platform_oauth_client": [
            {
              "client_id": "88668446498-o1uu0qup7ur6juav4o3ttc38t2gm3nkp.apps.googleusercontent.com",
              "client_type": 3
            }
          ]
        }
      }
    }
  ],
  "configuration_version": "1"
}